case,event,time,nUmeRic
trace 0,register application,2013-04-16 10:08:02,234
trace 0,check credit,2013-04-16 10:16:03,567
trace 0,calculate capacity,2013-04-16 10:16:28,234
trace 0,check system,2013-04-16 10:20:25,789
trace 0,accept,2013-04-16 10:21:30,235
trace 0,send decision e-mail,2013-04-16 10:26:53,568
trace 1,register application,2013-04-16 10:10:02,235
trace 1,check credit,2013-04-16 10:16:07,790
trace 1,calculate capacity,2013-04-16 10:16:21,236
trace 1,check system,2013-04-16 10:20:11,569
trace 1,accept,2013-04-16 10:24:16,236
trace 1,send decision e-mail,2013-04-16 10:29:58,791
trace 2,register application,2013-04-16 10:15:42,237
trace 2,check credit,2013-04-16 10:22:41,570
trace 2,calculate capacity,2013-04-16 10:23:37,237
trace 2,check system,2013-04-16 10:29:18,792
trace 2,accept,2013-04-16 10:37:54,238
trace 2,send decision e-mail,2013-04-16 10:44:03,571
trace 3,register application,2013-04-16 10:19:56,238
trace 3,check credit,2013-04-16 10:23:07,793
trace 3,calculate capacity,2013-04-16 10:28:41,239
trace 3,check system,2013-04-16 10:33:33,572
trace 3,accept,2013-04-16 10:42:51,239
trace 3,send decision e-mail,2013-04-16 10:50:47,794
trace 4,register application,2013-04-16 10:28:43,240
trace 4,check credit,2013-04-16 10:32:08,573
trace 4,calculate capacity,2013-04-16 10:37:11,240
trace 4,check system,2013-04-16 10:40:47,795
trace 4,accept,2013-04-16 10:45:33,241
trace 4,send decision e-mail,2013-04-16 10:48:13,574
trace 5,register application,2013-04-16 10:33:28,241
trace 5,check credit,2013-04-16 10:36:29,796
trace 5,calculate capacity,2013-04-16 10:38:52,242
trace 5,check system,2013-04-16 10:43:58,575
trace 5,accept,2013-04-16 10:44:26,242
trace 5,send decision e-mail,2013-04-16 10:45:09,797
trace 6,register application,2013-04-16 10:35:07,243
trace 6,check credit,2013-04-16 10:42:11,576
trace 6,calculate capacity,2013-04-16 10:42:47,243
trace 6,check system,2013-04-16 10:51:33,798
trace 6,reject,2013-04-16 10:54:35,244
trace 6,send decision e-mail,2013-04-16 11:04:09,577
trace 7,register application,2013-04-16 10:38:26,244
trace 7,check credit,2013-04-16 10:40:57,799
trace 7,calculate capacity,2013-04-16 10:42:55,245
trace 7,check system,2013-04-16 10:46:33,578
trace 7,reject,2013-04-16 10:51:09,245
trace 7,send decision e-mail,2013-04-16 10:58:05,800
trace 8,register application,2013-04-16 10:47:23,246
trace 8,check credit,2013-04-16 10:51:26,579
trace 8,calculate capacity,2013-04-16 10:52:54,246
trace 8,check system,2013-04-16 10:56:32,801
trace 8,reject,2013-04-16 11:01:18,247
trace 8,send decision e-mail,2013-04-16 11:03:49,580
trace 9,register application,2013-04-16 10:47:29,247
trace 9,check credit,2013-04-16 10:53:18,802
trace 9,calculate capacity,2013-04-16 11:03:15,248
trace 9,check system,2013-04-16 11:11:27,581
trace 9,reject,2013-04-16 11:17:52,248
trace 9,send decision e-mail,2013-04-16 11:23:19,803
trace 10,register application,2013-04-16 10:49:32,249
trace 10,check credit,2013-04-16 10:53:10,582
trace 10,calculate capacity,2013-04-16 10:55:23,249
trace 10,check system,2013-04-16 10:58:20,804
trace 10,reject,2013-04-16 11:06:03,250
trace 10,send decision e-mail,2013-04-16 11:08:13,583
trace 11,register application,2013-04-16 10:51:06,250
trace 11,check credit,2013-04-16 11:00:32,805
trace 11,calculate capacity,2013-04-16 11:05:20,251
trace 11,check system,2013-04-16 11:11:06,584
trace 11,reject,2013-04-16 11:19:57,251
trace 11,send decision e-mail,2013-04-16 11:24:15,806
trace 12,register application,2013-04-16 10:54:25,252
trace 12,check credit,2013-04-16 10:59:27,585
trace 12,calculate capacity,2013-04-16 11:07:56,252
trace 12,check system,2013-04-16 11:12:10,807
trace 12,reject,2013-04-16 11:17:28,253
trace 12,send decision e-mail,2013-04-16 11:20:12,586
trace 13,register application,2013-04-16 11:02:14,253
trace 13,check credit,2013-04-16 11:07:17,808
trace 13,calculate capacity,2013-04-16 11:14:51,254
trace 13,check system,2013-04-16 11:16:18,587
trace 13,reject,2013-04-16 11:20:27,254
trace 13,send decision e-mail,2013-04-16 11:22:36,809
trace 14,register application,2013-04-16 11:05:27,255
trace 14,check credit,2013-04-16 11:05:37,588
trace 14,calculate capacity,2013-04-16 11:09:40,255
trace 14,check system,2013-04-16 11:14:09,810
trace 14,reject,2013-04-16 11:18:07,256
trace 14,send decision e-mail,2013-04-16 11:20:09,589
trace 15,register application,2013-04-16 11:09:37,256
trace 15,check credit,2013-04-16 11:13:57,811
trace 15,calculate capacity,2013-04-16 11:16:26,257
trace 15,check system,2013-04-16 11:17:25,590
trace 15,reject,2013-04-16 11:26:04,257
trace 15,send decision e-mail,2013-04-16 11:33:38,812
trace 16,register application,2013-04-16 11:17:31,258
trace 16,check credit,2013-04-16 11:23:38,591
trace 16,calculate capacity,2013-04-16 11:28:35,258
trace 16,check system,2013-04-16 11:32:02,813
trace 16,reject,2013-04-16 11:37:04,259
trace 16,send decision e-mail,2013-04-16 11:46:13,592
trace 17,register application,2013-04-16 11:19:13,259
trace 17,check credit,2013-04-16 11:22:53,814
trace 17,calculate capacity,2013-04-16 11:29:56,260
trace 17,check system,2013-04-16 11:33:19,593
trace 17,reject,2013-04-16 11:42:31,260
trace 17,send decision e-mail,2013-04-16 11:52:01,815
trace 18,register application,2013-04-16 11:25:30,261
trace 18,check credit,2013-04-16 11:35:01,594
trace 18,calculate capacity,2013-04-16 11:40:09,261
trace 18,check system,2013-04-16 11:42:32,816
trace 18,reject,2013-04-16 11:46:24,262
trace 18,send decision e-mail,2013-04-16 11:48:49,595
trace 19,register application,2013-04-16 11:34:06,262
trace 19,check credit,2013-04-16 11:34:46,817
trace 19,calculate capacity,2013-04-16 11:39:13,263
trace 19,check system,2013-04-16 11:46:39,596
trace 19,reject,2013-04-16 11:55:03,263
trace 19,send decision e-mail,2013-04-16 12:04:10,818
trace 20,register application,2013-04-16 11:39:10,264
trace 20,check credit,2013-04-16 11:47:46,597
trace 20,calculate capacity,2013-04-16 11:52:42,264
trace 20,check system,2013-04-16 11:53:15,819
trace 20,reject,2013-04-16 11:53:49,265
trace 20,send decision e-mail,2013-04-16 11:56:23,598
trace 21,register application,2013-04-16 11:41:34,265
trace 21,check credit,2013-04-16 11:46:00,820
trace 21,calculate capacity,2013-04-16 11:52:13,266
trace 21,check system,2013-04-16 12:01:34,599
trace 21,reject,2013-04-16 12:02:34,266
trace 21,send decision e-mail,2013-04-16 12:04:07,821
trace 22,register application,2013-04-16 11:43:54,267
trace 22,check credit,2013-04-16 11:51:17,600
trace 22,calculate capacity,2013-04-16 11:53:02,267
trace 22,check system,2013-04-16 11:55:33,822
trace 22,reject,2013-04-16 11:57:56,268
trace 22,send decision e-mail,2013-04-16 12:02:28,601
trace 23,register application,2013-04-16 11:53:52,268
trace 23,check credit,2013-04-16 12:00:56,823
trace 23,calculate capacity,2013-04-16 12:03:48,269
trace 23,check system,2013-04-16 12:09:24,602
trace 23,reject,2013-04-16 12:14:44,269
trace 23,send decision e-mail,2013-04-16 12:15:36,824
trace 24,register application,2013-04-16 11:56:23,270
trace 24,check credit,2013-04-16 11:57:30,603
trace 24,calculate capacity,2013-04-16 12:07:18,270
trace 24,check system,2013-04-16 12:09:03,825
trace 24,reject,2013-04-16 12:10:16,271
trace 24,send decision e-mail,2013-04-16 12:13:20,604
trace 25,register application,2013-04-16 11:58:54,271
trace 25,check credit,2013-04-16 12:06:41,826
trace 25,calculate capacity,2013-04-16 12:13:20,272
trace 25,check system,2013-04-16 12:15:43,605
trace 25,reject,2013-04-16 12:23:54,272
trace 25,send decision e-mail,2013-04-16 12:30:24,827
trace 26,register application,2013-04-16 12:08:23,273
trace 26,check credit,2013-04-16 12:09:40,606
trace 26,calculate capacity,2013-04-16 12:18:59,273
trace 26,check system,2013-04-16 12:21:08,828
trace 26,reject,2013-04-16 12:29:38,274
trace 26,send decision e-mail,2013-04-16 12:37:12,607
trace 27,register application,2013-04-16 12:15:02,274
trace 27,check credit,2013-04-16 12:17:29,829
trace 27,calculate capacity,2013-04-16 12:19:36,275
trace 27,check system,2013-04-16 12:25:01,608
trace 27,reject,2013-04-16 12:31:40,275
trace 27,send decision e-mail,2013-04-16 12:40:20,830
trace 28,register application,2013-04-16 12:22:21,276
trace 28,check credit,2013-04-16 12:22:58,609
trace 28,calculate capacity,2013-04-16 12:24:28,276
trace 28,check system,2013-04-16 12:32:53,831
trace 28,reject,2013-04-16 12:38:15,277
trace 28,send decision e-mail,2013-04-16 12:38:24,610
trace 29,register application,2013-04-16 12:23:18,277
trace 29,check credit,2013-04-16 12:27:51,832
trace 29,calculate capacity,2013-04-16 12:28:21,278
trace 29,check system,2013-04-16 12:29:53,611
trace 29,reject,2013-04-16 12:38:04,278
trace 29,send decision e-mail,2013-04-16 12:44:15,833
trace 30,register application,2013-04-16 12:23:59,279
trace 30,check credit,2013-04-16 12:33:21,612
trace 30,calculate capacity,2013-04-16 12:35:50,279
trace 30,check system,2013-04-16 12:38:37,834
trace 30,reject,2013-04-16 12:39:43,280
trace 30,send decision e-mail,2013-04-16 12:48:32,613
trace 31,register application,2013-04-16 12:31:36,280
trace 31,check credit,2013-04-16 12:34:39,835
trace 31,calculate capacity,2013-04-16 12:36:54,281
trace 31,check system,2013-04-16 12:44:12,614
trace 31,reject,2013-04-16 12:53:01,281
trace 31,send decision e-mail,2013-04-16 13:01:36,836
trace 32,register application,2013-04-16 12:33:43,282
trace 32,check credit,2013-04-16 12:43:38,615
trace 32,calculate capacity,2013-04-16 12:49:45,282
trace 32,check system,2013-04-16 12:59:16,837
trace 32,reject,2013-04-16 13:00:16,283
trace 32,send decision e-mail,2013-04-16 13:09:04,616
trace 33,register application,2013-04-16 12:39:48,283
trace 33,check credit,2013-04-16 12:44:30,838
trace 33,calculate capacity,2013-04-16 12:47:48,284
trace 33,check system,2013-04-16 12:50:12,617
trace 33,reject,2013-04-16 12:51:43,284
trace 33,send decision e-mail,2013-04-16 12:53:59,839
trace 34,register application,2013-04-16 12:42:58,285
trace 34,check credit,2013-04-16 12:51:32,618
trace 34,calculate capacity,2013-04-16 12:52:41,285
trace 34,check system,2013-04-16 12:58:09,840
trace 34,reject,2013-04-16 13:05:28,286
trace 34,send decision e-mail,2013-04-16 13:09:47,619
trace 35,register application,2013-04-16 12:45:12,286
trace 35,check credit,2013-04-16 12:48:28,841
trace 35,calculate capacity,2013-04-16 12:49:42,287
trace 35,check system,2013-04-16 12:56:27,620
trace 35,reject,2013-04-16 12:59:17,287
trace 35,send decision e-mail,2013-04-16 13:06:30,842
trace 36,register application,2013-04-16 12:53:21,288
trace 36,check credit,2013-04-16 12:57:50,621
trace 36,calculate capacity,2013-04-16 13:03:04,288
trace 36,check system,2013-04-16 13:13:00,843
trace 36,reject,2013-04-16 13:18:10,289
trace 36,send decision e-mail,2013-04-16 13:23:13,622
trace 37,register application,2013-04-16 12:59:23,289
trace 37,check credit,2013-04-16 13:08:04,844
trace 37,calculate capacity,2013-04-16 13:09:53,290
trace 37,check system,2013-04-16 13:12:12,623
trace 37,reject,2013-04-16 13:19:27,290
trace 37,send decision e-mail,2013-04-16 13:26:02,845
trace 38,register application,2013-04-16 13:02:29,291
trace 38,check credit,2013-04-16 13:02:54,624
trace 38,calculate capacity,2013-04-16 13:07:55,291
trace 38,check system,2013-04-16 13:13:00,846
trace 38,reject,2013-04-16 13:18:15,292
trace 38,send decision e-mail,2013-04-16 13:21:22,625
trace 39,register application,2013-04-16 13:03:47,292
trace 39,check credit,2013-04-16 13:05:57,847
trace 39,calculate capacity,2013-04-16 13:09:25,293
trace 39,check system,2013-04-16 13:13:11,626
trace 39,reject,2013-04-16 13:16:42,293
trace 39,send decision e-mail,2013-04-16 13:20:43,848
trace 40,register application,2013-04-16 13:05:55,294
trace 40,check credit,2013-04-16 13:08:33,627
trace 40,calculate capacity,2013-04-16 13:13:06,294
trace 40,check system,2013-04-16 13:18:13,849
trace 40,reject,2013-04-16 13:21:31,295
trace 40,send decision e-mail,2013-04-16 13:27:07,628
trace 41,register application,2013-04-16 13:07:53,295
trace 41,check credit,2013-04-16 13:17:48,850
trace 41,calculate capacity,2013-04-16 13:22:26,296
trace 41,check system,2013-04-16 13:29:46,629
trace 41,reject,2013-04-16 13:34:51,296
trace 41,send decision e-mail,2013-04-16 13:40:09,851
trace 42,register application,2013-04-16 13:17:43,297
trace 42,check credit,2013-04-16 13:18:38,630
trace 42,calculate capacity,2013-04-16 13:24:45,297
trace 42,check system,2013-04-16 13:34:28,852
trace 42,reject,2013-04-16 13:41:02,298
trace 42,send decision e-mail,2013-04-16 13:45:36,631
trace 43,register application,2013-04-16 13:25:51,298
trace 43,check credit,2013-04-16 13:26:56,853
trace 43,calculate capacity,2013-04-16 13:32:19,299
trace 43,check system,2013-04-16 13:37:33,632
trace 43,reject,2013-04-16 13:44:31,299
trace 43,send decision e-mail,2013-04-16 13:46:22,854
trace 44,register application,2013-04-16 13:28:55,300
trace 44,check credit,2013-04-16 13:35:14,633
trace 44,check system,2013-04-16 13:42:34,300
trace 44,calculate capacity,2013-04-16 13:46:51,855
trace 44,accept,2013-04-16 13:47:44,301
trace 44,send decision e-mail,2013-04-16 13:52:22,634
trace 45,register application,2013-04-16 13:35:16,301
trace 45,check credit,2013-04-16 13:45:11,856
trace 45,check system,2013-04-16 13:53:43,302
trace 45,calculate capacity,2013-04-16 13:59:45,635
trace 45,accept,2013-04-16 14:04:05,302
trace 45,send decision e-mail,2013-04-16 14:10:03,857
trace 46,register application,2013-04-16 13:37:28,303
trace 46,check credit,2013-04-16 13:41:19,636
trace 46,check system,2013-04-16 13:47:36,303
trace 46,calculate capacity,2013-04-16 13:50:22,858
trace 46,accept,2013-04-16 13:53:22,304
trace 46,send decision e-mail,2013-04-16 13:55:12,637
trace 47,register application,2013-04-16 13:47:02,304
trace 47,check credit,2013-04-16 13:52:35,859
trace 47,check system,2013-04-16 13:54:06,305
trace 47,calculate capacity,2013-04-16 14:01:39,638
trace 47,accept,2013-04-16 14:05:35,305
trace 47,send decision e-mail,2013-04-16 14:13:47,860
trace 48,register application,2013-04-16 13:52:52,306
trace 48,check credit,2013-04-16 14:02:07,639
trace 48,check system,2013-04-16 14:10:48,306
trace 48,calculate capacity,2013-04-16 14:20:01,861
trace 48,accept,2013-04-16 14:28:55,307
trace 48,send decision e-mail,2013-04-16 14:33:26,640
trace 49,register application,2013-04-16 13:58:54,307
trace 49,check credit,2013-04-16 14:04:51,862
trace 49,check system,2013-04-16 14:14:09,308
trace 49,calculate capacity,2013-04-16 14:22:39,641
trace 49,accept,2013-04-16 14:28:49,308
trace 49,send decision e-mail,2013-04-16 14:33:34,863
trace 50,register application,2013-04-16 14:06:15,309
trace 50,check credit,2013-04-16 14:08:35,642
trace 50,check system,2013-04-16 14:08:56,309
trace 50,calculate capacity,2013-04-16 14:16:29,864
trace 50,accept,2013-04-16 14:18:58,310
trace 50,send decision e-mail,2013-04-16 14:21:05,643
trace 51,register application,2013-04-16 14:07:14,310
trace 51,check credit,2013-04-16 14:08:38,865
trace 51,check system,2013-04-16 14:11:08,311
trace 51,calculate capacity,2013-04-16 14:13:38,644
trace 51,accept,2013-04-16 14:21:39,311
trace 51,send decision e-mail,2013-04-16 14:23:35,866
trace 52,register application,2013-04-16 14:14:33,312
trace 52,check credit,2013-04-16 14:21:34,645
trace 52,check system,2013-04-16 14:28:55,312
trace 52,calculate capacity,2013-04-16 14:30:16,867
trace 52,accept,2013-04-16 14:31:59,313
trace 52,send decision e-mail,2013-04-16 14:35:05,646
trace 53,register application,2013-04-16 14:21:54,313
trace 53,check credit,2013-04-16 14:28:19,868
trace 53,check system,2013-04-16 14:33:01,314
trace 53,calculate capacity,2013-04-16 14:38:03,647
trace 53,accept,2013-04-16 14:42:54,314
trace 53,send decision e-mail,2013-04-16 14:44:59,869
trace 54,register application,2013-04-16 14:30:40,315
trace 54,check credit,2013-04-16 14:37:54,648
trace 54,check system,2013-04-16 14:41:24,315
trace 54,calculate capacity,2013-04-16 14:49:59,870
trace 54,accept,2013-04-16 14:50:54,316
trace 54,send decision e-mail,2013-04-16 14:53:19,649
trace 55,register application,2013-04-16 14:36:38,316
trace 55,check credit,2013-04-16 14:45:02,871
trace 55,check system,2013-04-16 14:45:57,317
trace 55,calculate capacity,2013-04-16 14:49:10,650
trace 55,accept,2013-04-16 14:49:50,317
trace 55,send decision e-mail,2013-04-16 14:51:33,872
trace 56,register application,2013-04-16 14:45:09,318
trace 56,check credit,2013-04-16 14:49:59,651
trace 56,check system,2013-04-16 14:51:05,318
trace 56,calculate capacity,2013-04-16 15:01:04,873
trace 56,reject,2013-04-16 15:09:11,319
trace 56,send decision e-mail,2013-04-16 15:12:05,652
trace 57,register application,2013-04-16 14:55:02,319
trace 57,check credit,2013-04-16 14:57:09,874
trace 57,check system,2013-04-16 15:06:56,320
trace 57,calculate capacity,2013-04-16 15:14:55,653
trace 57,reject,2013-04-16 15:23:04,320
trace 57,send decision e-mail,2013-04-16 15:31:27,875
trace 58,register application,2013-04-16 14:57:40,321
trace 58,check credit,2013-04-16 15:01:45,654
trace 58,check system,2013-04-16 15:06:08,321
trace 58,calculate capacity,2013-04-16 15:12:27,876
trace 58,reject,2013-04-16 15:17:27,322
trace 58,send decision e-mail,2013-04-16 15:26:09,655
trace 59,register application,2013-04-16 15:07:24,322
trace 59,check credit,2013-04-16 15:12:00,877
trace 59,check system,2013-04-16 15:20:45,323
trace 59,calculate capacity,2013-04-16 15:29:06,656
trace 59,reject,2013-04-16 15:32:38,323
trace 59,send decision e-mail,2013-04-16 15:39:36,878
trace 60,register application,2013-04-16 15:11:06,324
trace 60,check credit,2013-04-16 15:18:04,657
trace 60,check system,2013-04-16 15:25:54,324
trace 60,calculate capacity,2013-04-16 15:31:40,879
trace 60,reject,2013-04-16 15:35:59,325
trace 60,send decision e-mail,2013-04-16 15:39:44,658
trace 61,register application,2013-04-16 15:16:08,325
trace 61,check credit,2013-04-16 15:21:02,880
trace 61,check system,2013-04-16 15:27:44,326
trace 61,calculate capacity,2013-04-16 15:32:55,659
trace 61,reject,2013-04-16 15:35:20,326
trace 61,send decision e-mail,2013-04-16 15:36:24,881
trace 62,register application,2013-04-16 15:21:08,327
trace 62,check credit,2013-04-16 15:28:44,660
trace 62,check system,2013-04-16 15:32:47,327
trace 62,calculate capacity,2013-04-16 15:33:29,882
trace 62,reject,2013-04-16 15:35:21,328
trace 62,send decision e-mail,2013-04-16 15:40:59,661
trace 63,register application,2013-04-16 15:28:20,328
trace 63,check credit,2013-04-16 15:36:22,883
trace 63,check system,2013-04-16 15:43:11,329
trace 63,calculate capacity,2013-04-16 15:52:40,662
trace 63,reject,2013-04-16 15:53:54,329
trace 63,send decision e-mail,2013-04-16 16:01:33,884
trace 64,register application,2013-04-16 15:36:26,330
trace 64,check credit,2013-04-16 15:44:21,663
trace 64,check system,2013-04-16 15:47:58,330
trace 64,calculate capacity,2013-04-16 15:57:45,885
trace 64,reject,2013-04-16 16:07:12,331
trace 64,send decision e-mail,2013-04-16 16:16:45,664
trace 65,register application,2013-04-16 15:42:12,331
trace 65,check credit,2013-04-16 15:51:25,886
trace 65,check system,2013-04-16 15:51:38,332
trace 65,calculate capacity,2013-04-16 15:59:30,665
trace 65,reject,2013-04-16 16:01:45,332
trace 65,send decision e-mail,2013-04-16 16:06:33,887
trace 66,register application,2013-04-16 15:44:22,333
trace 66,check credit,2013-04-16 15:49:35,666
trace 66,check system,2013-04-16 15:54:57,333
trace 66,calculate capacity,2013-04-16 15:59:49,888
trace 66,reject,2013-04-16 16:08:41,334
trace 66,send decision e-mail,2013-04-16 16:14:29,667
trace 67,register application,2013-04-16 15:45:12,334
trace 67,check credit,2013-04-16 15:54:39,889
trace 67,check system,2013-04-16 16:02:54,335
trace 67,calculate capacity,2013-04-16 16:06:25,668
trace 67,reject,2013-04-16 16:11:14,335
trace 67,send decision e-mail,2013-04-16 16:19:00,890
trace 68,register application,2013-04-16 15:47:57,336
trace 68,check credit,2013-04-16 15:51:13,669
trace 68,check system,2013-04-16 15:56:54,336
trace 68,calculate capacity,2013-04-16 16:06:49,891
trace 68,reject,2013-04-16 16:13:47,337
trace 68,send decision e-mail,2013-04-16 16:14:27,670
trace 69,register application,2013-04-16 15:55:01,337
trace 69,check credit,2013-04-16 16:02:53,892
trace 69,check system,2013-04-16 16:10:42,338
trace 69,calculate capacity,2013-04-16 16:19:03,671
trace 69,reject,2013-04-16 16:22:43,338
trace 69,send decision e-mail,2013-04-16 16:29:45,893
trace 70,register application,2013-04-16 16:04:04,339
trace 70,check credit,2013-04-16 16:11:08,672
trace 70,check system,2013-04-16 16:12:38,339
trace 70,calculate capacity,2013-04-16 16:16:14,894
trace 70,reject,2013-04-16 16:17:08,340
trace 70,send decision e-mail,2013-04-16 16:26:39,673
trace 71,register application,2013-04-16 16:04:51,340
trace 71,check credit,2013-04-16 16:06:50,895
trace 71,check system,2013-04-16 16:11:26,341
trace 71,calculate capacity,2013-04-16 16:12:40,674
trace 71,reject,2013-04-16 16:16:40,341
trace 71,send decision e-mail,2013-04-16 16:25:20,896
trace 72,register application,2013-04-16 16:12:28,342
trace 72,check credit,2013-04-16 16:19:18,675
trace 72,check system,2013-04-16 16:28:10,342
trace 72,calculate capacity,2013-04-16 16:29:59,897
trace 72,reject,2013-04-16 16:30:40,343
trace 72,send decision e-mail,2013-04-16 16:37:50,676
trace 73,register application,2013-04-16 16:21:59,343
trace 73,check credit,2013-04-16 16:24:26,898
trace 73,check system,2013-04-16 16:25:21,344
trace 73,calculate capacity,2013-04-16 16:28:18,677
trace 73,reject,2013-04-16 16:28:19,344
trace 73,send decision e-mail,2013-04-16 16:37:47,899
trace 74,register application,2013-04-16 16:27:26,345
trace 74,check credit,2013-04-16 16:36:21,678
trace 74,check system,2013-04-16 16:41:13,345
trace 74,calculate capacity,2013-04-16 16:42:25,900
trace 74,reject,2013-04-16 16:50:48,346
trace 74,send decision e-mail,2013-04-16 16:58:30,679
trace 75,register application,2013-04-16 16:34:36,346
trace 75,check credit,2013-04-16 16:44:34,901
trace 75,check system,2013-04-16 16:49:20,347
trace 75,calculate capacity,2013-04-16 16:49:25,680
trace 75,reject,2013-04-16 16:58:09,347
trace 75,send decision e-mail,2013-04-16 17:02:25,902
trace 76,register application,2013-04-16 16:36:32,348
trace 76,check credit,2013-04-16 16:42:53,681
trace 76,check system,2013-04-16 16:43:15,348
trace 76,calculate capacity,2013-04-16 16:47:08,903
trace 76,reject,2013-04-16 16:47:11,349
trace 76,send decision e-mail,2013-04-16 16:53:07,682
trace 77,register application,2013-04-16 16:39:44,349
trace 77,check credit,2013-04-16 16:49:31,904
trace 77,check system,2013-04-16 16:57:33,350
trace 77,calculate capacity,2013-04-16 17:02:42,683
trace 77,reject,2013-04-16 17:04:14,350
trace 77,send decision e-mail,2013-04-16 17:10:29,905
trace 78,register application,2013-04-16 16:49:13,351
trace 78,check credit,2013-04-16 16:49:35,684
trace 78,check system,2013-04-16 16:53:07,351
trace 78,calculate capacity,2013-04-16 17:02:56,906
trace 78,reject,2013-04-16 17:08:48,352
trace 78,send decision e-mail,2013-04-16 17:10:32,685
trace 79,register application,2013-04-16 16:50:26,352
trace 79,check credit,2013-04-16 16:52:17,907
trace 79,check system,2013-04-16 17:00:35,353
trace 79,calculate capacity,2013-04-16 17:04:21,686
trace 79,reject,2013-04-16 17:07:09,353
trace 79,send decision e-mail,2013-04-16 17:10:42,908
trace 80,register application,2013-04-16 16:52:37,354
trace 80,check credit,2013-04-16 16:58:50,687
trace 80,check system,2013-04-16 17:03:27,354
trace 80,calculate capacity,2013-04-16 17:07:32,909
trace 80,reject,2013-04-16 17:07:42,355
trace 80,send decision e-mail,2013-04-16 17:12:37,688
trace 81,register application,2013-04-16 16:53:50,355
trace 81,check credit,2013-04-16 16:56:13,910
trace 81,check system,2013-04-16 16:59:05,356
trace 81,calculate capacity,2013-04-16 17:00:02,689
trace 81,reject,2013-04-16 17:01:46,356
trace 81,send decision e-mail,2013-04-16 17:11:45,911
trace 82,register application,2013-04-16 17:02:12,357
trace 82,check credit,2013-04-16 17:05:50,690
trace 82,calculate capacity,2013-04-16 17:14:23,357
trace 82,reject,2013-04-16 17:23:29,912
trace 82,send decision e-mail,2013-04-16 17:29:50,358
trace 83,register application,2013-04-16 17:08:37,691
trace 83,check credit,2013-04-16 17:08:59,358
trace 83,calculate capacity,2013-04-16 17:11:19,913
trace 83,reject,2013-04-16 17:14:34,359
trace 83,send decision e-mail,2013-04-16 17:15:52,692
trace 84,register application,2013-04-16 17:13:44,359
trace 84,check credit,2013-04-16 17:19:10,914
trace 84,calculate capacity,2013-04-16 17:28:44,360
trace 84,reject,2013-04-16 17:31:43,693
trace 84,send decision e-mail,2013-04-16 17:31:48,360
trace 85,register application,2013-04-16 17:23:01,915
trace 85,check credit,2013-04-16 17:23:57,361
trace 85,calculate capacity,2013-04-16 17:33:46,694
trace 85,reject,2013-04-16 17:35:25,361
trace 85,send decision e-mail,2013-04-16 17:41:54,916
trace 86,register application,2013-04-16 17:30:13,362
trace 86,check credit,2013-04-16 17:33:08,695
trace 86,calculate capacity,2013-04-16 17:42:03,362
trace 86,reject,2013-04-16 17:46:22,917
trace 86,send decision e-mail,2013-04-16 17:55:11,363
trace 87,register application,2013-04-16 17:30:18,696
trace 87,check credit,2013-04-16 17:38:24,363
trace 87,calculate capacity,2013-04-16 17:42:36,918
trace 87,reject,2013-04-16 17:46:43,364
trace 87,send decision e-mail,2013-04-16 17:50:52,697
trace 88,register application,2013-04-16 17:34:02,364
trace 88,check credit,2013-04-16 17:39:03,919
trace 88,calculate capacity,2013-04-16 17:43:45,365
trace 88,reject,2013-04-16 17:47:42,698
trace 88,send decision e-mail,2013-04-16 17:52:06,365
trace 89,register application,2013-04-16 17:37:54,920
trace 89,check credit,2013-04-16 17:43:38,366
trace 89,calculate capacity,2013-04-16 17:49:51,699
trace 89,reject,2013-04-16 17:57:53,366
trace 89,send decision e-mail,2013-04-16 18:02:19,921
trace 90,register application,2013-04-16 17:47:34,367
trace 90,calculate capacity,2013-04-16 17:51:43,700
trace 90,check credit,2013-04-16 17:56:37,367
trace 90,accept,2013-04-16 18:00:39,922
trace 90,send decision e-mail,2013-04-16 18:08:16,368
trace 91,register application,2013-04-16 17:50:09,701
trace 91,check system,2013-04-16 17:56:07,368
trace 91,check credit,2013-04-16 18:05:07,923
trace 91,calculate capacity,2013-04-16 18:12:20,369
trace 91,reject,2013-04-16 18:16:25,702
trace 91,send decision e-mail,2013-04-16 18:21:56,369
trace 92,register application,2013-04-16 17:57:39,924
trace 92,check system,2013-04-16 18:00:46,370
trace 92,check credit,2013-04-16 18:02:11,703
trace 92,calculate capacity,2013-04-16 18:10:19,370
trace 92,accept,2013-04-16 18:15:02,925
trace 92,send decision e-mail,2013-04-16 18:17:03,371
trace 93,register application,2013-04-16 18:02:44,704
trace 93,check system,2013-04-16 18:05:40,371
trace 93,calculate capacity,2013-04-16 18:11:05,926
trace 93,check credit,2013-04-16 18:20:57,372
trace 93,reject,2013-04-16 18:23:09,705
trace 93,send decision e-mail,2013-04-16 18:24:20,372
trace 94,register application,2013-04-16 18:07:58,927
trace 94,check system,2013-04-16 18:13:19,373
trace 94,calculate capacity,2013-04-16 18:21:06,706
trace 94,check credit,2013-04-16 18:26:04,373
trace 94,reject,2013-04-16 18:33:36,928
trace 94,send decision e-mail,2013-04-16 18:33:47,374
trace 95,register application,2013-04-16 18:08:52,707
trace 95,check system,2013-04-16 18:15:23,374
trace 95,calculate capacity,2013-04-16 18:16:39,929
trace 95,check credit,2013-04-16 18:17:34,375
trace 95,reject,2013-04-16 18:18:20,708
trace 95,send decision e-mail,2013-04-16 18:19:08,375
trace 96,register application,2013-04-16 18:12:22,930
trace 96,check system,2013-04-16 18:16:44,376
trace 96,calculate capacity,2013-04-16 18:25:09,709
trace 96,check credit,2013-04-16 18:33:55,376
trace 96,reject,2013-04-16 18:35:45,931
trace 96,send decision e-mail,2013-04-16 18:35:50,377
trace 97,register application,2013-04-16 18:17:39,710
trace 97,calculate capacity,2013-04-16 18:23:46,377
trace 97,check system,2013-04-16 18:27:37,932
trace 97,check credit,2013-04-16 18:33:39,378
trace 97,reject,2013-04-16 18:43:18,711
trace 97,send decision e-mail,2013-04-16 18:51:36,378
trace 98,register application,2013-04-16 18:22:48,933
trace 98,calculate capacity,2013-04-16 18:29:05,379
trace 98,check system,2013-04-16 18:34:10,712
trace 98,check credit,2013-04-16 18:37:09,379
trace 98,reject,2013-04-16 18:43:57,934
trace 98,send decision e-mail,2013-04-16 18:50:47,380
trace 99,register application,2013-04-16 18:30:02,713
trace 99,calculate capacity,2013-04-16 18:39:07,380
trace 99,check credit,2013-04-16 18:48:13,935
trace 99,reject,2013-04-16 18:50:59,381
trace 99,send decision e-mail,2013-04-16 18:55:34,235
